FloHyb_26055848,F,R,FloHyb_26056533,M,F,0.184025
FloHyb_26055848,F,R,FloHyb_48036067,F,R,0.148401
FloHyb_26055848,F,R,FloHyb_48349076,F,R,0.221653
FloHyb_26055848,F,R,FloHyb_51777322,M,F,0.240371
FloHyb_26055848,F,R,FloHyb_52312895,F,R,0.107346
FloHyb_26055848,F,R,FloHyb_52376100,F,F,0.124252
FloHyb_26055848,F,R,FloHyb_52604553,F,R,0.082847
FloHyb_26055848,F,R,FloHyb_52793336,F,F,0.510017
FloHyb_26055848,F,R,FloHyb_52796799,F,R,1.40E-05
FloHyb_26055848,F,R,FloHyb_54957272,M,R,0.17556
FloHyb_26055848,F,R,FloHyb_54957555,F,F,0.155467
FloHyb_26055848,F,R,FloHyb_72611626,F,R,0.168312
FloHyb_26055848,F,R,FloHyb_B39,F,R,0.070814
FloHyb_26055848,F,R,FloHyb_BR106,F,F,0.123177
FloHyb_26055848,F,R,FloHyb_BR542,F,R,1.40E-05
FloHyb_26055848,F,R,FloHyb_BR610,M,R,0.17091
FloHyb_26055848,F,R,FloHyb_BR877,M,F,0.106883
FloHyb_26055848,F,R,FloHyb_G8,F,R,0.448155
FloHyb_26055848,F,R,FloHyb_H119,F,R,0.176751
FloHyb_26055848,F,R,FloHyb_H149,M,R,0.083567
FloHyb_26055848,F,R,FloHyb_H17,F,R,0.112611
FloHyb_26055848,F,R,FloHyb_H192,F,R,0.170951
FloHyb_26055848,F,R,FloHyb_H2,M,R,0.17766
FloHyb_26055848,F,R,FloHyb_H210,M,F,0.110421
FloHyb_26055848,F,R,FloHyb_H27,F,R,0.11686
FloHyb_26055848,F,R,FloHyb_H29,F,R,0.0587
FloHyb_26055848,F,R,FloHyb_H5,F,F,0.080759
FloHyb_26055848,F,R,FloHyb_I64,M,F,0.051735
FloHyb_26055848,F,R,FloHyb_I8,F,R,3.60E-05
FloHyb_26055848,F,R,FloHyb_I94,M,R,0.056242
FloHyb_26055848,F,R,FloHyb_I96,M,R,0.219652
FloHyb_26055848,F,R,FloHyb_Z1,M,R,0.074124
FloHyb_26055848,F,R,FloHyb_Z11,F,R,0.180029
FloHyb_26055848,F,R,FloHyb_Z12,F,R,0.064695
FloHyb_26055848,F,R,FloHyb_Z13,M,R,0.061264
FloHyb_26055848,F,R,FloHyb_Z14,F,R,0.11265
FloHyb_26055848,F,R,FloHyb_Z15,F,R,0.093905
FloHyb_26055848,F,R,FloHyb_Z18,M,F,0.099901
FloHyb_26055848,F,R,FloHyb_Z19,F,F,0.22166
FloHyb_26055848,F,R,FloHyb_Z2,M,R,0.051354
FloHyb_26055848,F,R,FloHyb_Z20,F,F,0.164929
FloHyb_26055848,F,R,FloHyb_Z21,F,R,0.02232
FloHyb_26055848,F,R,FloHyb_Z3,M,R,0.429952
FloHyb_26055848,F,R,FloHyb_Z4,M,R,0
FloHyb_26055848,F,R,FloHyb_Z5,F,R,0.495324
FloHyb_26055848,F,R,FloHyb_Z6,M,R,0.106503
FloHyb_26055848,F,R,FloHyb_Z7,F,R,0.273753
FloHyb_26055848,F,R,FloHyb_Z8,F,R,0.065225
FloHyb_26055848,F,R,FloHyb_Z9,F,R,3.00E-05
FloHyb_26056533,M,F,FloHyb_48036067,F,R,0.002209
FloHyb_26056533,M,F,FloHyb_48349076,F,R,0.421894
FloHyb_26056533,M,F,FloHyb_51777322,M,F,0.152427
FloHyb_26056533,M,F,FloHyb_52312895,F,R,0.466377
FloHyb_26056533,M,F,FloHyb_52376100,F,F,0.461703
FloHyb_26056533,M,F,FloHyb_52604553,F,R,0.111496
FloHyb_26056533,M,F,FloHyb_52793336,F,F,0.231582
FloHyb_26056533,M,F,FloHyb_52796799,F,R,0.289632
FloHyb_26056533,M,F,FloHyb_54957272,M,R,0.190417
FloHyb_26056533,M,F,FloHyb_54957555,F,F,0.166435
FloHyb_26056533,M,F,FloHyb_72611626,F,R,0.042078
FloHyb_26056533,M,F,FloHyb_B39,F,R,0.139535
FloHyb_26056533,M,F,FloHyb_BR106,F,F,0.058843
FloHyb_26056533,M,F,FloHyb_BR542,F,R,4.00E-06
FloHyb_26056533,M,F,FloHyb_BR610,M,R,0.358576
FloHyb_26056533,M,F,FloHyb_BR877,M,F,0.097004
FloHyb_26056533,M,F,FloHyb_G8,F,R,0.043157
FloHyb_26056533,M,F,FloHyb_H119,F,R,0.371758
FloHyb_26056533,M,F,FloHyb_H149,M,R,0.182696
FloHyb_26056533,M,F,FloHyb_H17,F,R,0.076133
FloHyb_26056533,M,F,FloHyb_H192,F,R,0.172118
FloHyb_26056533,M,F,FloHyb_H2,M,R,0.082799
FloHyb_26056533,M,F,FloHyb_H210,M,F,0.015533
FloHyb_26056533,M,F,FloHyb_H27,F,R,0.246434
FloHyb_26056533,M,F,FloHyb_H29,F,R,0.171267
FloHyb_26056533,M,F,FloHyb_H5,F,F,0.199674
FloHyb_26056533,M,F,FloHyb_I64,M,F,0.332205
FloHyb_26056533,M,F,FloHyb_I8,F,R,0.250936
FloHyb_26056533,M,F,FloHyb_I94,M,R,0.184744
FloHyb_26056533,M,F,FloHyb_I96,M,R,0.125628
FloHyb_26056533,M,F,FloHyb_Z1,M,R,0.182851
FloHyb_26056533,M,F,FloHyb_Z11,F,R,0.08519
FloHyb_26056533,M,F,FloHyb_Z12,F,R,0.246768
FloHyb_26056533,M,F,FloHyb_Z13,M,R,0.043997
FloHyb_26056533,M,F,FloHyb_Z14,F,R,0.145858
FloHyb_26056533,M,F,FloHyb_Z15,F,R,0.094388
FloHyb_26056533,M,F,FloHyb_Z18,M,F,0.1032
FloHyb_26056533,M,F,FloHyb_Z19,F,F,0.264986
FloHyb_26056533,M,F,FloHyb_Z2,M,R,0.265003
FloHyb_26056533,M,F,FloHyb_Z20,F,F,0.04154
FloHyb_26056533,M,F,FloHyb_Z21,F,R,0.321444
FloHyb_26056533,M,F,FloHyb_Z3,M,R,0.258293
FloHyb_26056533,M,F,FloHyb_Z4,M,R,0.135891
FloHyb_26056533,M,F,FloHyb_Z5,F,R,0.073942
FloHyb_26056533,M,F,FloHyb_Z6,M,R,0.067424
FloHyb_26056533,M,F,FloHyb_Z7,F,R,0.298113
FloHyb_26056533,M,F,FloHyb_Z8,F,R,0.129647
FloHyb_26056533,M,F,FloHyb_Z9,F,R,0.264379
FloHyb_48036067,F,R,FloHyb_48349076,F,R,0.083605
FloHyb_48036067,F,R,FloHyb_51777322,M,F,0.033782
FloHyb_48036067,F,R,FloHyb_52312895,F,R,0.246492
FloHyb_48036067,F,R,FloHyb_52376100,F,F,1.10E-05
FloHyb_48036067,F,R,FloHyb_52604553,F,R,1.50E-05
FloHyb_48036067,F,R,FloHyb_52793336,F,F,0.233819
FloHyb_48036067,F,R,FloHyb_52796799,F,R,0.199833
FloHyb_48036067,F,R,FloHyb_54957272,M,R,0.158903
FloHyb_48036067,F,R,FloHyb_54957555,F,F,0.211782
FloHyb_48036067,F,R,FloHyb_72611626,F,R,0.155337
FloHyb_48036067,F,R,FloHyb_B39,F,R,0.142497
FloHyb_48036067,F,R,FloHyb_BR106,F,F,0.247852
FloHyb_48036067,F,R,FloHyb_BR542,F,R,0.464433
FloHyb_48036067,F,R,FloHyb_BR610,M,R,0.443399
FloHyb_48036067,F,R,FloHyb_BR877,M,F,0.048893
FloHyb_48036067,F,R,FloHyb_G8,F,R,0.048726
FloHyb_48036067,F,R,FloHyb_H119,F,R,0.074677
FloHyb_48036067,F,R,FloHyb_H149,M,R,0.107998
FloHyb_48036067,F,R,FloHyb_H17,F,R,0.268567
FloHyb_48036067,F,R,FloHyb_H192,F,R,0.109783
FloHyb_48036067,F,R,FloHyb_H2,M,R,0.008121
FloHyb_48036067,F,R,FloHyb_H210,M,F,0.02705
FloHyb_48036067,F,R,FloHyb_H27,F,R,0.167479
FloHyb_48036067,F,R,FloHyb_H29,F,R,0.187447
FloHyb_48036067,F,R,FloHyb_H5,F,F,0.272107
FloHyb_48036067,F,R,FloHyb_I64,M,F,0.325345
FloHyb_48036067,F,R,FloHyb_I8,F,R,0.21041
FloHyb_48036067,F,R,FloHyb_I94,M,R,0.096489
FloHyb_48036067,F,R,FloHyb_I96,M,R,0.146315
FloHyb_48036067,F,R,FloHyb_Z1,M,R,0.048292
FloHyb_48036067,F,R,FloHyb_Z11,F,R,0.201411
FloHyb_48036067,F,R,FloHyb_Z12,F,R,0.214868
FloHyb_48036067,F,R,FloHyb_Z13,M,R,0.124312
FloHyb_48036067,F,R,FloHyb_Z14,F,R,0.096447
FloHyb_48036067,F,R,FloHyb_Z15,F,R,0.135886
FloHyb_48036067,F,R,FloHyb_Z18,M,F,0.159294
FloHyb_48036067,F,R,FloHyb_Z19,F,F,1.30E-05
FloHyb_48036067,F,R,FloHyb_Z2,M,R,0.259183
FloHyb_48036067,F,R,FloHyb_Z20,F,F,0.178299
FloHyb_48036067,F,R,FloHyb_Z21,F,R,0.351833
FloHyb_48036067,F,R,FloHyb_Z3,M,R,0.222681
FloHyb_48036067,F,R,FloHyb_Z4,M,R,0.000246
FloHyb_48036067,F,R,FloHyb_Z5,F,R,0.14445
FloHyb_48036067,F,R,FloHyb_Z6,M,R,0.173722
FloHyb_48036067,F,R,FloHyb_Z7,F,R,0.27145
FloHyb_48036067,F,R,FloHyb_Z8,F,R,0.106773
FloHyb_48036067,F,R,FloHyb_Z9,F,R,0.083364
FloHyb_48349076,F,R,FloHyb_51777322,M,F,0.167577
FloHyb_48349076,F,R,FloHyb_52312895,F,R,0.102541
FloHyb_48349076,F,R,FloHyb_52376100,F,F,0
FloHyb_48349076,F,R,FloHyb_52604553,F,R,0.191175
FloHyb_48349076,F,R,FloHyb_52793336,F,F,0.118664
FloHyb_48349076,F,R,FloHyb_52796799,F,R,0.222427
FloHyb_48349076,F,R,FloHyb_54957272,M,R,0.09406
FloHyb_48349076,F,R,FloHyb_54957555,F,F,0.036057
FloHyb_48349076,F,R,FloHyb_72611626,F,R,0.153981
FloHyb_48349076,F,R,FloHyb_B39,F,R,0.029955
FloHyb_48349076,F,R,FloHyb_BR106,F,F,0.202145
FloHyb_48349076,F,R,FloHyb_BR542,F,R,0.433841
FloHyb_48349076,F,R,FloHyb_BR610,M,R,0.067024
FloHyb_48349076,F,R,FloHyb_BR877,M,F,0.083885
FloHyb_48349076,F,R,FloHyb_G8,F,R,0.050704
FloHyb_48349076,F,R,FloHyb_H119,F,R,0.129274
FloHyb_48349076,F,R,FloHyb_H149,M,R,0.038054
FloHyb_48349076,F,R,FloHyb_H17,F,R,0.210686
FloHyb_48349076,F,R,FloHyb_H192,F,R,0.151978
FloHyb_48349076,F,R,FloHyb_H2,M,R,0.025009
FloHyb_48349076,F,R,FloHyb_H210,M,F,0.004756
FloHyb_48349076,F,R,FloHyb_H27,F,R,0.19415
FloHyb_48349076,F,R,FloHyb_H29,F,R,0.206779
FloHyb_48349076,F,R,FloHyb_H5,F,F,0.392943
FloHyb_48349076,F,R,FloHyb_I64,M,F,2.90E-05
FloHyb_48349076,F,R,FloHyb_I8,F,R,0.205402
FloHyb_48349076,F,R,FloHyb_I94,M,R,0.030906
FloHyb_48349076,F,R,FloHyb_I96,M,R,0.122315
FloHyb_48349076,F,R,FloHyb_Z1,M,R,0.126405
FloHyb_48349076,F,R,FloHyb_Z11,F,R,0.099865
FloHyb_48349076,F,R,FloHyb_Z12,F,R,0.026235
FloHyb_48349076,F,R,FloHyb_Z13,M,R,0.083469
FloHyb_48349076,F,R,FloHyb_Z14,F,R,0.028726
FloHyb_48349076,F,R,FloHyb_Z15,F,R,0.095518
FloHyb_48349076,F,R,FloHyb_Z18,M,F,0.234936
FloHyb_48349076,F,R,FloHyb_Z19,F,F,4.00E-06
FloHyb_48349076,F,R,FloHyb_Z2,M,R,0.220971
FloHyb_48349076,F,R,FloHyb_Z20,F,F,0.249796
FloHyb_48349076,F,R,FloHyb_Z21,F,R,0.32898
FloHyb_48349076,F,R,FloHyb_Z3,M,R,0.295665
FloHyb_48349076,F,R,FloHyb_Z4,M,R,0.000119
FloHyb_48349076,F,R,FloHyb_Z5,F,R,0.169978
FloHyb_48349076,F,R,FloHyb_Z6,M,R,0.06978
FloHyb_48349076,F,R,FloHyb_Z7,F,R,0.053579
FloHyb_48349076,F,R,FloHyb_Z8,F,R,0.070274
FloHyb_48349076,F,R,FloHyb_Z9,F,R,0.370914
FloHyb_51777322,M,F,FloHyb_52312895,F,R,0.150875
FloHyb_51777322,M,F,FloHyb_52376100,F,F,0.661474
FloHyb_51777322,M,F,FloHyb_52604553,F,R,0.193954
FloHyb_51777322,M,F,FloHyb_52793336,F,F,0.375728
FloHyb_51777322,M,F,FloHyb_52796799,F,R,0.229931
FloHyb_51777322,M,F,FloHyb_54957272,M,R,0.189386
FloHyb_51777322,M,F,FloHyb_54957555,F,F,0.156657
FloHyb_51777322,M,F,FloHyb_72611626,F,R,0.14523
FloHyb_51777322,M,F,FloHyb_B39,F,R,0.148755
FloHyb_51777322,M,F,FloHyb_BR106,F,F,0.078682
FloHyb_51777322,M,F,FloHyb_BR542,F,R,0.427105
FloHyb_51777322,M,F,FloHyb_BR610,M,R,0.198574
FloHyb_51777322,M,F,FloHyb_BR877,M,F,0.203877
FloHyb_51777322,M,F,FloHyb_G8,F,R,0.049887
FloHyb_51777322,M,F,FloHyb_H119,F,R,0.175076
FloHyb_51777322,M,F,FloHyb_H149,M,R,0.050162
FloHyb_51777322,M,F,FloHyb_H17,F,R,0.035223
FloHyb_51777322,M,F,FloHyb_H192,F,R,0.194317
FloHyb_51777322,M,F,FloHyb_H2,M,R,0.079506
FloHyb_51777322,M,F,FloHyb_H210,M,F,0.194755
FloHyb_51777322,M,F,FloHyb_H27,F,R,0.082848
FloHyb_51777322,M,F,FloHyb_H29,F,R,0.217694
FloHyb_51777322,M,F,FloHyb_H5,F,F,0.294658
FloHyb_51777322,M,F,FloHyb_I64,M,F,0.279497
FloHyb_51777322,M,F,FloHyb_I8,F,R,0.052533
FloHyb_51777322,M,F,FloHyb_I94,M,R,0.032834
FloHyb_51777322,M,F,FloHyb_I96,M,R,0.045704
FloHyb_51777322,M,F,FloHyb_Z1,M,R,0.049423
FloHyb_51777322,M,F,FloHyb_Z11,F,R,0.032598
FloHyb_51777322,M,F,FloHyb_Z12,F,R,0.167018
FloHyb_51777322,M,F,FloHyb_Z13,M,R,0.085953
FloHyb_51777322,M,F,FloHyb_Z14,F,R,0.026643
FloHyb_51777322,M,F,FloHyb_Z15,F,R,0.043238
FloHyb_51777322,M,F,FloHyb_Z18,M,F,0.138757
FloHyb_51777322,M,F,FloHyb_Z19,F,F,0.282826
FloHyb_51777322,M,F,FloHyb_Z2,M,R,0.237462
FloHyb_51777322,M,F,FloHyb_Z20,F,F,0.166036
FloHyb_51777322,M,F,FloHyb_Z21,F,R,0.195881
FloHyb_51777322,M,F,FloHyb_Z3,M,R,1.00E-06
FloHyb_51777322,M,F,FloHyb_Z4,M,R,0.186436
FloHyb_51777322,M,F,FloHyb_Z5,F,R,3.00E-06
FloHyb_51777322,M,F,FloHyb_Z6,M,R,0.176777
FloHyb_51777322,M,F,FloHyb_Z7,F,R,0.331696
FloHyb_51777322,M,F,FloHyb_Z8,F,R,0.041946
FloHyb_51777322,M,F,FloHyb_Z9,F,R,0.165261
FloHyb_52312895,F,R,FloHyb_52376100,F,F,0.438886
FloHyb_52312895,F,R,FloHyb_52604553,F,R,0.181794
FloHyb_52312895,F,R,FloHyb_52793336,F,F,0.452646
FloHyb_52312895,F,R,FloHyb_52796799,F,R,0.118812
FloHyb_52312895,F,R,FloHyb_54957272,M,R,0.175328
FloHyb_52312895,F,R,FloHyb_54957555,F,F,0.26111
FloHyb_52312895,F,R,FloHyb_72611626,F,R,0.172784
FloHyb_52312895,F,R,FloHyb_B39,F,R,0.131785
FloHyb_52312895,F,R,FloHyb_BR106,F,F,0.135753
FloHyb_52312895,F,R,FloHyb_BR542,F,R,0.09735
FloHyb_52312895,F,R,FloHyb_BR610,M,R,0.23498
FloHyb_52312895,F,R,FloHyb_BR877,M,F,0.02314
FloHyb_52312895,F,R,FloHyb_G8,F,R,0.069093
FloHyb_52312895,F,R,FloHyb_H119,F,R,0.21999
FloHyb_52312895,F,R,FloHyb_H149,M,R,0.110287
FloHyb_52312895,F,R,FloHyb_H17,F,R,0.119168
FloHyb_52312895,F,R,FloHyb_H192,F,R,0.074747
FloHyb_52312895,F,R,FloHyb_H2,M,R,0.111663
FloHyb_52312895,F,R,FloHyb_H210,M,F,0.183807
FloHyb_52312895,F,R,FloHyb_H27,F,R,0.29986
FloHyb_52312895,F,R,FloHyb_H29,F,R,0.13229
FloHyb_52312895,F,R,FloHyb_H5,F,F,0.202171
FloHyb_52312895,F,R,FloHyb_I64,M,F,0.094112
FloHyb_52312895,F,R,FloHyb_I8,F,R,4.30E-05
FloHyb_52312895,F,R,FloHyb_I94,M,R,0.111709
FloHyb_52312895,F,R,FloHyb_I96,M,R,0.05302
FloHyb_52312895,F,R,FloHyb_Z1,M,R,0.164382
FloHyb_52312895,F,R,FloHyb_Z11,F,R,0.187949
FloHyb_52312895,F,R,FloHyb_Z12,F,R,0.087838
FloHyb_52312895,F,R,FloHyb_Z13,M,R,0.179852
FloHyb_52312895,F,R,FloHyb_Z14,F,R,0.176851
FloHyb_52312895,F,R,FloHyb_Z15,F,R,0.027029
FloHyb_52312895,F,R,FloHyb_Z18,M,F,0.202562
FloHyb_52312895,F,R,FloHyb_Z19,F,F,0.233683
FloHyb_52312895,F,R,FloHyb_Z2,M,R,0.222949
FloHyb_52312895,F,R,FloHyb_Z20,F,F,0.034128
FloHyb_52312895,F,R,FloHyb_Z21,F,R,0.147327
FloHyb_52312895,F,R,FloHyb_Z3,M,R,3.00E-06
FloHyb_52312895,F,R,FloHyb_Z4,M,R,7.00E-06
FloHyb_52312895,F,R,FloHyb_Z5,F,R,0.29293
FloHyb_52312895,F,R,FloHyb_Z6,M,R,0.194938
FloHyb_52312895,F,R,FloHyb_Z7,F,R,0.443367
FloHyb_52312895,F,R,FloHyb_Z8,F,R,0.038386
FloHyb_52312895,F,R,FloHyb_Z9,F,R,0.142047
FloHyb_52376100,F,F,FloHyb_52604553,F,R,0.050434
FloHyb_52376100,F,F,FloHyb_52793336,F,F,0.070773
FloHyb_52376100,F,F,FloHyb_52796799,F,R,0.139509
FloHyb_52376100,F,F,FloHyb_54957272,M,R,0.088722
FloHyb_52376100,F,F,FloHyb_54957555,F,F,0.020491
FloHyb_52376100,F,F,FloHyb_72611626,F,R,0.133057
FloHyb_52376100,F,F,FloHyb_B39,F,R,0.180113
FloHyb_52376100,F,F,FloHyb_BR106,F,F,1.00E-06
FloHyb_52376100,F,F,FloHyb_BR542,F,R,0.132363
FloHyb_52376100,F,F,FloHyb_BR610,M,R,1.50E-05
FloHyb_52376100,F,F,FloHyb_BR877,M,F,0.064082
FloHyb_52376100,F,F,FloHyb_G8,F,R,0.06294
FloHyb_52376100,F,F,FloHyb_H119,F,R,0.227888
FloHyb_52376100,F,F,FloHyb_H149,M,R,0.081023
FloHyb_52376100,F,F,FloHyb_H17,F,R,0.090463
FloHyb_52376100,F,F,FloHyb_H192,F,R,0.072799
FloHyb_52376100,F,F,FloHyb_H2,M,R,0.110263
FloHyb_52376100,F,F,FloHyb_H210,M,F,0.131852
FloHyb_52376100,F,F,FloHyb_H27,F,R,0.147533
FloHyb_52376100,F,F,FloHyb_H29,F,R,0.181981
FloHyb_52376100,F,F,FloHyb_H5,F,F,0.002063
FloHyb_52376100,F,F,FloHyb_I64,M,F,0.424714
FloHyb_52376100,F,F,FloHyb_I8,F,R,0.665131
FloHyb_52376100,F,F,FloHyb_I94,M,R,0.117175
FloHyb_52376100,F,F,FloHyb_I96,M,R,0.127922
FloHyb_52376100,F,F,FloHyb_Z1,M,R,0.066325
FloHyb_52376100,F,F,FloHyb_Z11,F,R,0.109669
FloHyb_52376100,F,F,FloHyb_Z12,F,R,0.222118
FloHyb_52376100,F,F,FloHyb_Z13,M,R,0.054819
FloHyb_52376100,F,F,FloHyb_Z14,F,R,0.10935
FloHyb_52376100,F,F,FloHyb_Z15,F,R,0.090178
FloHyb_52376100,F,F,FloHyb_Z18,M,F,2.50E-05
FloHyb_52376100,F,F,FloHyb_Z19,F,F,0.262058
FloHyb_52376100,F,F,FloHyb_Z2,M,R,0.127716
FloHyb_52376100,F,F,FloHyb_Z20,F,F,3.00E-06
FloHyb_52376100,F,F,FloHyb_Z21,F,R,0.127436
FloHyb_52376100,F,F,FloHyb_Z3,M,R,8.00E-06
FloHyb_52376100,F,F,FloHyb_Z4,M,R,0.04864
FloHyb_52376100,F,F,FloHyb_Z5,F,R,0.237113
FloHyb_52376100,F,F,FloHyb_Z6,M,R,0.167534
FloHyb_52376100,F,F,FloHyb_Z7,F,R,2.00E-06
FloHyb_52376100,F,F,FloHyb_Z8,F,R,0.075024
FloHyb_52376100,F,F,FloHyb_Z9,F,R,0.100575
FloHyb_52604553,F,R,FloHyb_52793336,F,F,0.158953
FloHyb_52604553,F,R,FloHyb_52796799,F,R,0.230023
FloHyb_52604553,F,R,FloHyb_54957272,M,R,0.124941
FloHyb_52604553,F,R,FloHyb_54957555,F,F,0.011344
FloHyb_52604553,F,R,FloHyb_72611626,F,R,0.253844
FloHyb_52604553,F,R,FloHyb_B39,F,R,0.154009
FloHyb_52604553,F,R,FloHyb_BR106,F,F,0.141564
FloHyb_52604553,F,R,FloHyb_BR542,F,R,1.20E-05
FloHyb_52604553,F,R,FloHyb_BR610,M,R,0.328245
FloHyb_52604553,F,R,FloHyb_BR877,M,F,0.192464
FloHyb_52604553,F,R,FloHyb_G8,F,R,0.03016
FloHyb_52604553,F,R,FloHyb_H119,F,R,0.085008
FloHyb_52604553,F,R,FloHyb_H149,M,R,0.126339
FloHyb_52604553,F,R,FloHyb_H17,F,R,0.13874
FloHyb_52604553,F,R,FloHyb_H192,F,R,0.182654
FloHyb_52604553,F,R,FloHyb_H2,M,R,0.02473
FloHyb_52604553,F,R,FloHyb_H210,M,F,0.116752
FloHyb_52604553,F,R,FloHyb_H27,F,R,0.063198
FloHyb_52604553,F,R,FloHyb_H29,F,R,0.145841
FloHyb_52604553,F,R,FloHyb_H5,F,F,0.21016
FloHyb_52604553,F,R,FloHyb_I64,M,F,0.098757
FloHyb_52604553,F,R,FloHyb_I8,F,R,0.21974
FloHyb_52604553,F,R,FloHyb_I94,M,R,0.105895
FloHyb_52604553,F,R,FloHyb_I96,M,R,0.113784
FloHyb_52604553,F,R,FloHyb_Z1,M,R,0.062342
FloHyb_52604553,F,R,FloHyb_Z11,F,R,0.134798
FloHyb_52604553,F,R,FloHyb_Z12,F,R,0.154842
FloHyb_52604553,F,R,FloHyb_Z13,M,R,0.105797
FloHyb_52604553,F,R,FloHyb_Z14,F,R,0.23733
FloHyb_52604553,F,R,FloHyb_Z15,F,R,0.143788
FloHyb_52604553,F,R,FloHyb_Z18,M,F,0.166053
FloHyb_52604553,F,R,FloHyb_Z19,F,F,0.19875
FloHyb_52604553,F,R,FloHyb_Z2,M,R,0.142535
FloHyb_52604553,F,R,FloHyb_Z20,F,F,0.289185
FloHyb_52604553,F,R,FloHyb_Z21,F,R,0.097182
FloHyb_52604553,F,R,FloHyb_Z3,M,R,0.040081
FloHyb_52604553,F,R,FloHyb_Z4,M,R,7.00E-06
FloHyb_52604553,F,R,FloHyb_Z5,F,R,0.279712
FloHyb_52604553,F,R,FloHyb_Z6,M,R,0.537621
FloHyb_52604553,F,R,FloHyb_Z7,F,R,0.38013
FloHyb_52604553,F,R,FloHyb_Z8,F,R,2.10E-05
FloHyb_52604553,F,R,FloHyb_Z9,F,R,0.219675
FloHyb_52793336,F,F,FloHyb_52796799,F,R,0.17574
FloHyb_52793336,F,F,FloHyb_54957272,M,R,0.129849
FloHyb_52793336,F,F,FloHyb_54957555,F,F,0.255529
FloHyb_52793336,F,F,FloHyb_72611626,F,R,0.161978
FloHyb_52793336,F,F,FloHyb_B39,F,R,0.121094
FloHyb_52793336,F,F,FloHyb_BR106,F,F,0.473191
FloHyb_52793336,F,F,FloHyb_BR542,F,R,0.313321
FloHyb_52793336,F,F,FloHyb_BR610,M,R,0.175568
FloHyb_52793336,F,F,FloHyb_BR877,M,F,0.088446
FloHyb_52793336,F,F,FloHyb_G8,F,R,0.026616
FloHyb_52793336,F,F,FloHyb_H119,F,R,0.233794
FloHyb_52793336,F,F,FloHyb_H149,M,R,0.557246
FloHyb_52793336,F,F,FloHyb_H17,F,R,0.257663
FloHyb_52793336,F,F,FloHyb_H192,F,R,0.128532
FloHyb_52793336,F,F,FloHyb_H2,M,R,0.191401
FloHyb_52793336,F,F,FloHyb_H210,M,F,0.164419
FloHyb_52793336,F,F,FloHyb_H27,F,R,0.036879
FloHyb_52793336,F,F,FloHyb_H29,F,R,0.208165
FloHyb_52793336,F,F,FloHyb_H5,F,F,0.27889
FloHyb_52793336,F,F,FloHyb_I64,M,F,0.042568
FloHyb_52793336,F,F,FloHyb_I8,F,R,0.229643
FloHyb_52793336,F,F,FloHyb_I94,M,R,0.233699
FloHyb_52793336,F,F,FloHyb_I96,M,R,0.183949
FloHyb_52793336,F,F,FloHyb_Z1,M,R,0.135758
FloHyb_52793336,F,F,FloHyb_Z11,F,R,0.224153
FloHyb_52793336,F,F,FloHyb_Z12,F,R,0.075558
FloHyb_52793336,F,F,FloHyb_Z13,M,R,0.072956
FloHyb_52793336,F,F,FloHyb_Z14,F,R,0.0313
FloHyb_52793336,F,F,FloHyb_Z15,F,R,0.171428
FloHyb_52793336,F,F,FloHyb_Z18,M,F,0.489559
FloHyb_52793336,F,F,FloHyb_Z19,F,F,0.206407
FloHyb_52793336,F,F,FloHyb_Z2,M,R,0.273402
FloHyb_52793336,F,F,FloHyb_Z20,F,F,0.297259
FloHyb_52793336,F,F,FloHyb_Z21,F,R,0.232953
FloHyb_52793336,F,F,FloHyb_Z3,M,R,0.052838
FloHyb_52793336,F,F,FloHyb_Z4,M,R,0.496242
FloHyb_52793336,F,F,FloHyb_Z5,F,R,0.080397
FloHyb_52793336,F,F,FloHyb_Z6,M,R,0.159245
FloHyb_52793336,F,F,FloHyb_Z7,F,R,0.050586
FloHyb_52793336,F,F,FloHyb_Z8,F,R,0.131435
FloHyb_52793336,F,F,FloHyb_Z9,F,R,0.285833
FloHyb_52796799,F,R,FloHyb_54957272,M,R,0.083832
FloHyb_52796799,F,R,FloHyb_54957555,F,F,0.195316
FloHyb_52796799,F,R,FloHyb_72611626,F,R,0.215127
FloHyb_52796799,F,R,FloHyb_B39,F,R,0.228042
FloHyb_52796799,F,R,FloHyb_BR106,F,F,0.32279
FloHyb_52796799,F,R,FloHyb_BR542,F,R,0.319271
FloHyb_52796799,F,R,FloHyb_BR610,M,R,0.325466
FloHyb_52796799,F,R,FloHyb_BR877,M,F,0.05131
FloHyb_52796799,F,R,FloHyb_G8,F,R,0.216574
FloHyb_52796799,F,R,FloHyb_H119,F,R,0.106517
FloHyb_52796799,F,R,FloHyb_H149,M,R,0.230703
FloHyb_52796799,F,R,FloHyb_H17,F,R,0.172012
FloHyb_52796799,F,R,FloHyb_H192,F,R,0.158592
FloHyb_52796799,F,R,FloHyb_H2,M,R,0.109316
FloHyb_52796799,F,R,FloHyb_H210,M,F,0.160089
FloHyb_52796799,F,R,FloHyb_H27,F,R,0.198773
FloHyb_52796799,F,R,FloHyb_H29,F,R,0.226057
FloHyb_52796799,F,R,FloHyb_H5,F,F,2.10E-05
FloHyb_52796799,F,R,FloHyb_I64,M,F,0.237775
FloHyb_52796799,F,R,FloHyb_I8,F,R,0.134438
FloHyb_52796799,F,R,FloHyb_I94,M,R,0.211744
FloHyb_52796799,F,R,FloHyb_I96,M,R,0.098224
FloHyb_52796799,F,R,FloHyb_Z1,M,R,0.102604
FloHyb_52796799,F,R,FloHyb_Z11,F,R,0.279757
FloHyb_52796799,F,R,FloHyb_Z12,F,R,0.091352
FloHyb_52796799,F,R,FloHyb_Z13,M,R,0.014154
FloHyb_52796799,F,R,FloHyb_Z14,F,R,0.085153
FloHyb_52796799,F,R,FloHyb_Z15,F,R,0.132906
FloHyb_52796799,F,R,FloHyb_Z18,M,F,6.00E-06
FloHyb_52796799,F,R,FloHyb_Z19,F,F,2.00E-06
FloHyb_52796799,F,R,FloHyb_Z2,M,R,0.233783
FloHyb_52796799,F,R,FloHyb_Z20,F,F,2.50E-05
FloHyb_52796799,F,R,FloHyb_Z21,F,R,0.281815
FloHyb_52796799,F,R,FloHyb_Z3,M,R,0.283172
FloHyb_52796799,F,R,FloHyb_Z4,M,R,0.483395
FloHyb_52796799,F,R,FloHyb_Z5,F,R,0.12206
FloHyb_52796799,F,R,FloHyb_Z6,M,R,0.109407
FloHyb_52796799,F,R,FloHyb_Z7,F,R,0.342392
FloHyb_52796799,F,R,FloHyb_Z8,F,R,0.094439
FloHyb_52796799,F,R,FloHyb_Z9,F,R,0.045948
FloHyb_54957272,M,R,FloHyb_54957555,F,F,0.228672
FloHyb_54957272,M,R,FloHyb_72611626,F,R,0.201192
FloHyb_54957272,M,R,FloHyb_B39,F,R,0.0524
FloHyb_54957272,M,R,FloHyb_BR106,F,F,0.178988
FloHyb_54957272,M,R,FloHyb_BR542,F,R,0.280099
FloHyb_54957272,M,R,FloHyb_BR610,M,R,0.066666
FloHyb_54957272,M,R,FloHyb_BR877,M,F,0.18323
FloHyb_54957272,M,R,FloHyb_G8,F,R,0.201393
FloHyb_54957272,M,R,FloHyb_H119,F,R,0.151786
FloHyb_54957272,M,R,FloHyb_H149,M,R,0.052434
FloHyb_54957272,M,R,FloHyb_H17,F,R,0.056061
FloHyb_54957272,M,R,FloHyb_H192,F,R,0.164676
FloHyb_54957272,M,R,FloHyb_H2,M,R,0.01756
FloHyb_54957272,M,R,FloHyb_H210,M,F,0.255347
FloHyb_54957272,M,R,FloHyb_H27,F,R,0.152169
FloHyb_54957272,M,R,FloHyb_H29,F,R,0.165611
FloHyb_54957272,M,R,FloHyb_H5,F,F,1.00E-06
FloHyb_54957272,M,R,FloHyb_I64,M,F,0.140232
FloHyb_54957272,M,R,FloHyb_I8,F,R,0.389737
FloHyb_54957272,M,R,FloHyb_I94,M,R,0.079749
FloHyb_54957272,M,R,FloHyb_I96,M,R,0.044126
FloHyb_54957272,M,R,FloHyb_Z1,M,R,0.290463
FloHyb_54957272,M,R,FloHyb_Z11,F,R,0.219675
FloHyb_54957272,M,R,FloHyb_Z12,F,R,0.080939
FloHyb_54957272,M,R,FloHyb_Z13,M,R,0.066316
FloHyb_54957272,M,R,FloHyb_Z14,F,R,3.00E-06
FloHyb_54957272,M,R,FloHyb_Z15,F,R,0.146723
FloHyb_54957272,M,R,FloHyb_Z18,M,F,1.00E-06
FloHyb_54957272,M,R,FloHyb_Z19,F,F,0.450222
FloHyb_54957272,M,R,FloHyb_Z2,M,R,0.165888
FloHyb_54957272,M,R,FloHyb_Z20,F,F,0
FloHyb_54957272,M,R,FloHyb_Z21,F,R,0.153233
FloHyb_54957272,M,R,FloHyb_Z3,M,R,1.60E-05
FloHyb_54957272,M,R,FloHyb_Z4,M,R,0.079653
FloHyb_54957272,M,R,FloHyb_Z5,F,R,1.20E-05
FloHyb_54957272,M,R,FloHyb_Z6,M,R,0.076876
FloHyb_54957272,M,R,FloHyb_Z7,F,R,0.390772
FloHyb_54957272,M,R,FloHyb_Z8,F,R,0.245987
FloHyb_54957272,M,R,FloHyb_Z9,F,R,0.193225
FloHyb_54957555,F,F,FloHyb_72611626,F,R,0.18317
FloHyb_54957555,F,F,FloHyb_B39,F,R,0.165564
FloHyb_54957555,F,F,FloHyb_BR106,F,F,0.175159
FloHyb_54957555,F,F,FloHyb_BR542,F,R,0.049556
FloHyb_54957555,F,F,FloHyb_BR610,M,R,0.120022
FloHyb_54957555,F,F,FloHyb_BR877,M,F,0.085448
FloHyb_54957555,F,F,FloHyb_G8,F,R,0.068662
FloHyb_54957555,F,F,FloHyb_H119,F,R,0.237259
FloHyb_54957555,F,F,FloHyb_H149,M,R,0.189294
FloHyb_54957555,F,F,FloHyb_H17,F,R,0.145636
FloHyb_54957555,F,F,FloHyb_H192,F,R,0.211275
FloHyb_54957555,F,F,FloHyb_H2,M,R,0.177655
FloHyb_54957555,F,F,FloHyb_H210,M,F,0.30629
FloHyb_54957555,F,F,FloHyb_H27,F,R,0.17295
FloHyb_54957555,F,F,FloHyb_H29,F,R,0.15792
FloHyb_54957555,F,F,FloHyb_H5,F,F,0.267701
FloHyb_54957555,F,F,FloHyb_I64,M,F,0.073319
FloHyb_54957555,F,F,FloHyb_I8,F,R,0.514194
FloHyb_54957555,F,F,FloHyb_I94,M,R,0.229023
FloHyb_54957555,F,F,FloHyb_I96,M,R,0.125305
FloHyb_54957555,F,F,FloHyb_Z1,M,R,0.19199
FloHyb_54957555,F,F,FloHyb_Z11,F,R,0.044241
FloHyb_54957555,F,F,FloHyb_Z12,F,R,0.0907
FloHyb_54957555,F,F,FloHyb_Z13,M,R,0.154713
FloHyb_54957555,F,F,FloHyb_Z14,F,R,0.052422
FloHyb_54957555,F,F,FloHyb_Z15,F,R,0.14747
FloHyb_54957555,F,F,FloHyb_Z18,M,F,0.492263
FloHyb_54957555,F,F,FloHyb_Z19,F,F,0.357691
FloHyb_54957555,F,F,FloHyb_Z2,M,R,0.14681
FloHyb_54957555,F,F,FloHyb_Z20,F,F,1.90E-05
FloHyb_54957555,F,F,FloHyb_Z21,F,R,0.149267
FloHyb_54957555,F,F,FloHyb_Z3,M,R,0.001396
FloHyb_54957555,F,F,FloHyb_Z4,M,R,0.139377
FloHyb_54957555,F,F,FloHyb_Z5,F,R,0.220804
FloHyb_54957555,F,F,FloHyb_Z6,M,R,0.475109
FloHyb_54957555,F,F,FloHyb_Z7,F,R,0.090714
FloHyb_54957555,F,F,FloHyb_Z8,F,R,0.046368
FloHyb_54957555,F,F,FloHyb_Z9,F,R,0.097945
FloHyb_72611626,F,R,FloHyb_B39,F,R,0.331172
FloHyb_72611626,F,R,FloHyb_BR106,F,F,8.00E-06
FloHyb_72611626,F,R,FloHyb_BR542,F,R,7.00E-06
FloHyb_72611626,F,R,FloHyb_BR610,M,R,0.032754
FloHyb_72611626,F,R,FloHyb_BR877,M,F,0.07123
FloHyb_72611626,F,R,FloHyb_G8,F,R,0.06285
FloHyb_72611626,F,R,FloHyb_H119,F,R,0.044781
FloHyb_72611626,F,R,FloHyb_H149,M,R,0.190453
FloHyb_72611626,F,R,FloHyb_H17,F,R,0.169301
FloHyb_72611626,F,R,FloHyb_H192,F,R,0.117805
FloHyb_72611626,F,R,FloHyb_H2,M,R,0.144558
FloHyb_72611626,F,R,FloHyb_H210,M,F,0.011804
FloHyb_72611626,F,R,FloHyb_H27,F,R,0.174587
FloHyb_72611626,F,R,FloHyb_H29,F,R,0.07448
FloHyb_72611626,F,R,FloHyb_H5,F,F,0.237569
FloHyb_72611626,F,R,FloHyb_I64,M,F,0.137008
FloHyb_72611626,F,R,FloHyb_I8,F,R,0.080836
FloHyb_72611626,F,R,FloHyb_I94,M,R,0.252367
FloHyb_72611626,F,R,FloHyb_I96,M,R,0.142155
FloHyb_72611626,F,R,FloHyb_Z1,M,R,0.136655
FloHyb_72611626,F,R,FloHyb_Z11,F,R,0.205882
FloHyb_72611626,F,R,FloHyb_Z12,F,R,0.074923
FloHyb_72611626,F,R,FloHyb_Z13,M,R,0.054275
FloHyb_72611626,F,R,FloHyb_Z14,F,R,0.190819
FloHyb_72611626,F,R,FloHyb_Z15,F,R,0.143434
FloHyb_72611626,F,R,FloHyb_Z18,M,F,0.475622
FloHyb_72611626,F,R,FloHyb_Z19,F,F,0.319678
FloHyb_72611626,F,R,FloHyb_Z2,M,R,0.078959
FloHyb_72611626,F,R,FloHyb_Z20,F,F,0.089361
FloHyb_72611626,F,R,FloHyb_Z21,F,R,0.073198
FloHyb_72611626,F,R,FloHyb_Z3,M,R,0.001743
FloHyb_72611626,F,R,FloHyb_Z4,M,R,4.00E-06
FloHyb_72611626,F,R,FloHyb_Z5,F,R,0.200749
FloHyb_72611626,F,R,FloHyb_Z6,M,R,0.204556
FloHyb_72611626,F,R,FloHyb_Z7,F,R,0.105129
FloHyb_72611626,F,R,FloHyb_Z8,F,R,2.90E-05
FloHyb_72611626,F,R,FloHyb_Z9,F,R,0.241453
FloHyb_B39,F,R,FloHyb_BR106,F,F,0.208645
FloHyb_B39,F,R,FloHyb_BR542,F,R,0.444519
FloHyb_B39,F,R,FloHyb_BR610,M,R,0.077809
FloHyb_B39,F,R,FloHyb_BR877,M,F,0.253395
FloHyb_B39,F,R,FloHyb_G8,F,R,0.12304
FloHyb_B39,F,R,FloHyb_H119,F,R,0.035595
FloHyb_B39,F,R,FloHyb_H149,M,R,0.182434
FloHyb_B39,F,R,FloHyb_H17,F,R,0.157342
FloHyb_B39,F,R,FloHyb_H192,F,R,0.027913
FloHyb_B39,F,R,FloHyb_H2,M,R,0.128073
FloHyb_B39,F,R,FloHyb_H210,M,F,0.122156
FloHyb_B39,F,R,FloHyb_H27,F,R,0.165047
FloHyb_B39,F,R,FloHyb_H29,F,R,0.174746
FloHyb_B39,F,R,FloHyb_H5,F,F,0.258474
FloHyb_B39,F,R,FloHyb_I64,M,F,7.00E-06
FloHyb_B39,F,R,FloHyb_I8,F,R,0.131309
FloHyb_B39,F,R,FloHyb_I94,M,R,0.21505
FloHyb_B39,F,R,FloHyb_I96,M,R,0.04504
FloHyb_B39,F,R,FloHyb_Z1,M,R,0.147207
FloHyb_B39,F,R,FloHyb_Z11,F,R,0.156265
FloHyb_B39,F,R,FloHyb_Z12,F,R,0.052154
FloHyb_B39,F,R,FloHyb_Z13,M,R,0.028793
FloHyb_B39,F,R,FloHyb_Z14,F,R,0.187411
FloHyb_B39,F,R,FloHyb_Z15,F,R,0.132784
FloHyb_B39,F,R,FloHyb_Z18,M,F,0.509565
FloHyb_B39,F,R,FloHyb_Z19,F,F,0.141596
FloHyb_B39,F,R,FloHyb_Z2,M,R,0.221175
FloHyb_B39,F,R,FloHyb_Z20,F,F,0.066106
FloHyb_B39,F,R,FloHyb_Z21,F,R,0.153902
FloHyb_B39,F,R,FloHyb_Z3,M,R,0.087983
FloHyb_B39,F,R,FloHyb_Z4,M,R,0.22601
FloHyb_B39,F,R,FloHyb_Z5,F,R,0.189604
FloHyb_B39,F,R,FloHyb_Z6,M,R,0.194229
FloHyb_B39,F,R,FloHyb_Z7,F,R,0.207801
FloHyb_B39,F,R,FloHyb_Z8,F,R,0.113535
FloHyb_B39,F,R,FloHyb_Z9,F,R,0.356271
FloHyb_BR106,F,F,FloHyb_BR542,F,R,0.200564
FloHyb_BR106,F,F,FloHyb_BR610,M,R,0.071693
FloHyb_BR106,F,F,FloHyb_BR877,M,F,0.050634
FloHyb_BR106,F,F,FloHyb_G8,F,R,0.268101
FloHyb_BR106,F,F,FloHyb_H119,F,R,0.209005
FloHyb_BR106,F,F,FloHyb_H149,M,R,0.248324
FloHyb_BR106,F,F,FloHyb_H17,F,R,0.19299
FloHyb_BR106,F,F,FloHyb_H192,F,R,0.044332
FloHyb_BR106,F,F,FloHyb_H2,M,R,0.172991
FloHyb_BR106,F,F,FloHyb_H210,M,F,0.11506
FloHyb_BR106,F,F,FloHyb_H27,F,R,0.194192
FloHyb_BR106,F,F,FloHyb_H29,F,R,0.154356
FloHyb_BR106,F,F,FloHyb_H5,F,F,0.203459
FloHyb_BR106,F,F,FloHyb_I64,M,F,0.074969
FloHyb_BR106,F,F,FloHyb_I8,F,R,0.159351
FloHyb_BR106,F,F,FloHyb_I94,M,R,0.199472
FloHyb_BR106,F,F,FloHyb_I96,M,R,0.036816
FloHyb_BR106,F,F,FloHyb_Z1,M,R,0.054695
FloHyb_BR106,F,F,FloHyb_Z11,F,R,0.036182
FloHyb_BR106,F,F,FloHyb_Z12,F,R,0.12541
FloHyb_BR106,F,F,FloHyb_Z13,M,R,0.105378
FloHyb_BR106,F,F,FloHyb_Z14,F,R,0.143053
FloHyb_BR106,F,F,FloHyb_Z15,F,R,0.132044
FloHyb_BR106,F,F,FloHyb_Z18,M,F,0.093168
FloHyb_BR106,F,F,FloHyb_Z19,F,F,0.139009
FloHyb_BR106,F,F,FloHyb_Z2,M,R,0.231748
FloHyb_BR106,F,F,FloHyb_Z20,F,F,0.273351
FloHyb_BR106,F,F,FloHyb_Z21,F,R,0.329074
FloHyb_BR106,F,F,FloHyb_Z3,M,R,0.134961
FloHyb_BR106,F,F,FloHyb_Z4,M,R,0.190223
FloHyb_BR106,F,F,FloHyb_Z5,F,R,0.063207
FloHyb_BR106,F,F,FloHyb_Z6,M,R,0.121645
FloHyb_BR106,F,F,FloHyb_Z7,F,R,0.168
FloHyb_BR106,F,F,FloHyb_Z8,F,R,0.142712
FloHyb_BR106,F,F,FloHyb_Z9,F,R,0.059076
FloHyb_BR542,F,R,FloHyb_BR610,M,R,0.238728
FloHyb_BR542,F,R,FloHyb_BR877,M,F,0.050151
FloHyb_BR542,F,R,FloHyb_G8,F,R,0.111987
FloHyb_BR542,F,R,FloHyb_H119,F,R,0.139291
FloHyb_BR542,F,R,FloHyb_H149,M,R,0.203481
FloHyb_BR542,F,R,FloHyb_H17,F,R,0.174933
FloHyb_BR542,F,R,FloHyb_H192,F,R,0.021454
FloHyb_BR542,F,R,FloHyb_H2,M,R,0.103809
FloHyb_BR542,F,R,FloHyb_H210,M,F,0.237536
FloHyb_BR542,F,R,FloHyb_H27,F,R,0.05187
FloHyb_BR542,F,R,FloHyb_H29,F,R,0.036172
FloHyb_BR542,F,R,FloHyb_H5,F,F,0.19591
FloHyb_BR542,F,R,FloHyb_I64,M,F,0.474931
FloHyb_BR542,F,R,FloHyb_I8,F,R,0.002653
FloHyb_BR542,F,R,FloHyb_I94,M,R,0.25
FloHyb_BR542,F,R,FloHyb_I96,M,R,0.027128
FloHyb_BR542,F,R,FloHyb_Z1,M,R,0.168112
FloHyb_BR542,F,R,FloHyb_Z11,F,R,0.020796
FloHyb_BR542,F,R,FloHyb_Z12,F,R,0.067332
FloHyb_BR542,F,R,FloHyb_Z13,M,R,0.078857
FloHyb_BR542,F,R,FloHyb_Z14,F,R,0.187241
FloHyb_BR542,F,R,FloHyb_Z15,F,R,0.173087
FloHyb_BR542,F,R,FloHyb_Z18,M,F,0.129861
FloHyb_BR542,F,R,FloHyb_Z19,F,F,0.236509
FloHyb_BR542,F,R,FloHyb_Z2,M,R,0.049677
FloHyb_BR542,F,R,FloHyb_Z20,F,F,6.00E-06
FloHyb_BR542,F,R,FloHyb_Z21,F,R,0.033052
FloHyb_BR542,F,R,FloHyb_Z3,M,R,2.10E-05
FloHyb_BR542,F,R,FloHyb_Z4,M,R,0.175443
FloHyb_BR542,F,R,FloHyb_Z5,F,R,0
FloHyb_BR542,F,R,FloHyb_Z6,M,R,0.06001
FloHyb_BR542,F,R,FloHyb_Z7,F,R,0.403192
FloHyb_BR542,F,R,FloHyb_Z8,F,R,0.138398
FloHyb_BR542,F,R,FloHyb_Z9,F,R,0.244217
FloHyb_BR610,M,R,FloHyb_BR877,M,F,0.208219
FloHyb_BR610,M,R,FloHyb_G8,F,R,0.052623
FloHyb_BR610,M,R,FloHyb_H119,F,R,0.089164
FloHyb_BR610,M,R,FloHyb_H149,M,R,0.091817
FloHyb_BR610,M,R,FloHyb_H17,F,R,0.062777
FloHyb_BR610,M,R,FloHyb_H192,F,R,0.318526
FloHyb_BR610,M,R,FloHyb_H2,M,R,0.021599
FloHyb_BR610,M,R,FloHyb_H210,M,F,0.069323
FloHyb_BR610,M,R,FloHyb_H27,F,R,0.198896
FloHyb_BR610,M,R,FloHyb_H29,F,R,0.187231
FloHyb_BR610,M,R,FloHyb_H5,F,F,8.30E-05
FloHyb_BR610,M,R,FloHyb_I64,M,F,0.217135
FloHyb_BR610,M,R,FloHyb_I8,F,R,0.339833
FloHyb_BR610,M,R,FloHyb_I94,M,R,0.11337
FloHyb_BR610,M,R,FloHyb_I96,M,R,0.087145
FloHyb_BR610,M,R,FloHyb_Z1,M,R,0.220675
FloHyb_BR610,M,R,FloHyb_Z11,F,R,0.157608
FloHyb_BR610,M,R,FloHyb_Z12,F,R,0.060536
FloHyb_BR610,M,R,FloHyb_Z13,M,R,0.018324
FloHyb_BR610,M,R,FloHyb_Z14,F,R,1.30E-05
FloHyb_BR610,M,R,FloHyb_Z15,F,R,0.115091
FloHyb_BR610,M,R,FloHyb_Z18,M,F,1.20E-05
FloHyb_BR610,M,R,FloHyb_Z19,F,F,0.113561
FloHyb_BR610,M,R,FloHyb_Z2,M,R,0.202349
FloHyb_BR610,M,R,FloHyb_Z20,F,F,0.01269
FloHyb_BR610,M,R,FloHyb_Z21,F,R,0.142384
FloHyb_BR610,M,R,FloHyb_Z3,M,R,0.041349
FloHyb_BR610,M,R,FloHyb_Z4,M,R,0.091279
FloHyb_BR610,M,R,FloHyb_Z5,F,R,0.523547
FloHyb_BR610,M,R,FloHyb_Z6,M,R,0.166858
FloHyb_BR610,M,R,FloHyb_Z7,F,R,0.261739
FloHyb_BR610,M,R,FloHyb_Z8,F,R,0.125143
FloHyb_BR610,M,R,FloHyb_Z9,F,R,0.249828
FloHyb_BR877,M,F,FloHyb_G8,F,R,0.079437
FloHyb_BR877,M,F,FloHyb_H119,F,R,0.220443
FloHyb_BR877,M,F,FloHyb_H149,M,R,0.14361
FloHyb_BR877,M,F,FloHyb_H17,F,R,0.088466
FloHyb_BR877,M,F,FloHyb_H192,F,R,0.237913
FloHyb_BR877,M,F,FloHyb_H2,M,R,0.328058
FloHyb_BR877,M,F,FloHyb_H210,M,F,0.002669
FloHyb_BR877,M,F,FloHyb_H27,F,R,0.182476
FloHyb_BR877,M,F,FloHyb_H29,F,R,0.137361
FloHyb_BR877,M,F,FloHyb_H5,F,F,0.414025
FloHyb_BR877,M,F,FloHyb_I64,M,F,0.123237
FloHyb_BR877,M,F,FloHyb_I8,F,R,0.220422
FloHyb_BR877,M,F,FloHyb_I94,M,R,0.102324
FloHyb_BR877,M,F,FloHyb_I96,M,R,0.10958
FloHyb_BR877,M,F,FloHyb_Z1,M,R,0.047434
FloHyb_BR877,M,F,FloHyb_Z11,F,R,0.163239
FloHyb_BR877,M,F,FloHyb_Z12,F,R,0.078342
FloHyb_BR877,M,F,FloHyb_Z13,M,R,0.178494
FloHyb_BR877,M,F,FloHyb_Z14,F,R,0.116631
FloHyb_BR877,M,F,FloHyb_Z15,F,R,0.108431
FloHyb_BR877,M,F,FloHyb_Z18,M,F,0.238934
FloHyb_BR877,M,F,FloHyb_Z19,F,F,0.412298
FloHyb_BR877,M,F,FloHyb_Z2,M,R,0.076381
FloHyb_BR877,M,F,FloHyb_Z20,F,F,0.010441
FloHyb_BR877,M,F,FloHyb_Z21,F,R,0.051955
FloHyb_BR877,M,F,FloHyb_Z3,M,R,1.70E-05
FloHyb_BR877,M,F,FloHyb_Z4,M,R,2.60E-05
FloHyb_BR877,M,F,FloHyb_Z5,F,R,0.27057
FloHyb_BR877,M,F,FloHyb_Z6,M,R,0.117461
FloHyb_BR877,M,F,FloHyb_Z7,F,R,0.298707
FloHyb_BR877,M,F,FloHyb_Z8,F,R,0.08937
FloHyb_BR877,M,F,FloHyb_Z9,F,R,8.00E-06
FloHyb_G8,F,R,FloHyb_H119,F,R,0.298399
FloHyb_G8,F,R,FloHyb_H149,M,R,0.19924
FloHyb_G8,F,R,FloHyb_H17,F,R,0.2446
FloHyb_G8,F,R,FloHyb_H192,F,R,0.169753
FloHyb_G8,F,R,FloHyb_H2,M,R,0.087775
FloHyb_G8,F,R,FloHyb_H210,M,F,0.090445
FloHyb_G8,F,R,FloHyb_H27,F,R,0.026211
FloHyb_G8,F,R,FloHyb_H29,F,R,0.20003
FloHyb_G8,F,R,FloHyb_H5,F,F,0.365639
FloHyb_G8,F,R,FloHyb_I64,M,F,0.172229
FloHyb_G8,F,R,FloHyb_I8,F,R,0.224216
FloHyb_G8,F,R,FloHyb_I94,M,R,0.276264
FloHyb_G8,F,R,FloHyb_I96,M,R,0.153241
FloHyb_G8,F,R,FloHyb_Z1,M,R,0.016228
FloHyb_G8,F,R,FloHyb_Z11,F,R,0.145524
FloHyb_G8,F,R,FloHyb_Z12,F,R,0.096619
FloHyb_G8,F,R,FloHyb_Z13,M,R,0.035651
FloHyb_G8,F,R,FloHyb_Z14,F,R,0.131112
FloHyb_G8,F,R,FloHyb_Z15,F,R,0.140586
FloHyb_G8,F,R,FloHyb_Z18,M,F,0.241635
FloHyb_G8,F,R,FloHyb_Z19,F,F,0.228272
FloHyb_G8,F,R,FloHyb_Z2,M,R,0.201364
FloHyb_G8,F,R,FloHyb_Z20,F,F,0.107005
FloHyb_G8,F,R,FloHyb_Z21,F,R,0.272397
FloHyb_G8,F,R,FloHyb_Z3,M,R,0.057292
FloHyb_G8,F,R,FloHyb_Z4,M,R,0.555293
FloHyb_G8,F,R,FloHyb_Z5,F,R,0.233728
FloHyb_G8,F,R,FloHyb_Z6,M,R,0.039523
FloHyb_G8,F,R,FloHyb_Z7,F,R,0.197688
FloHyb_G8,F,R,FloHyb_Z8,F,R,0.040546
FloHyb_G8,F,R,FloHyb_Z9,F,R,0.279175
FloHyb_H119,F,R,FloHyb_H149,M,R,0.18164
FloHyb_H119,F,R,FloHyb_H17,F,R,0.072052
FloHyb_H119,F,R,FloHyb_H192,F,R,0.113546
FloHyb_H119,F,R,FloHyb_H2,M,R,0.028904
FloHyb_H119,F,R,FloHyb_H210,M,F,0.129675
FloHyb_H119,F,R,FloHyb_H27,F,R,0.029505
FloHyb_H119,F,R,FloHyb_H29,F,R,0.221738
FloHyb_H119,F,R,FloHyb_H5,F,F,0.384876
FloHyb_H119,F,R,FloHyb_I64,M,F,0.000935
FloHyb_H119,F,R,FloHyb_I8,F,R,0.112944
FloHyb_H119,F,R,FloHyb_I94,M,R,0.231861
FloHyb_H119,F,R,FloHyb_I96,M,R,0.046944
FloHyb_H119,F,R,FloHyb_Z1,M,R,0.248211
FloHyb_H119,F,R,FloHyb_Z11,F,R,0.229804
FloHyb_H119,F,R,FloHyb_Z12,F,R,0.041226
FloHyb_H119,F,R,FloHyb_Z13,M,R,0.030054
FloHyb_H119,F,R,FloHyb_Z14,F,R,9.00E-06
FloHyb_H119,F,R,FloHyb_Z15,F,R,0.126471
FloHyb_H119,F,R,FloHyb_Z18,M,F,0.219729
FloHyb_H119,F,R,FloHyb_Z19,F,F,0.312026
FloHyb_H119,F,R,FloHyb_Z2,M,R,0.093837
FloHyb_H119,F,R,FloHyb_Z20,F,F,0.160736
FloHyb_H119,F,R,FloHyb_Z21,F,R,2.40E-05
FloHyb_H119,F,R,FloHyb_Z3,M,R,2.70E-05
FloHyb_H119,F,R,FloHyb_Z4,M,R,0.281331
FloHyb_H119,F,R,FloHyb_Z5,F,R,0.136911
FloHyb_H119,F,R,FloHyb_Z6,M,R,0.104824
FloHyb_H119,F,R,FloHyb_Z7,F,R,0.08241
FloHyb_H119,F,R,FloHyb_Z8,F,R,0.082794
FloHyb_H119,F,R,FloHyb_Z9,F,R,0.145073
FloHyb_H149,M,R,FloHyb_H17,F,R,0.160318
FloHyb_H149,M,R,FloHyb_H192,F,R,0.047587
FloHyb_H149,M,R,FloHyb_H2,M,R,0.117917
FloHyb_H149,M,R,FloHyb_H210,M,F,0.173748
FloHyb_H149,M,R,FloHyb_H27,F,R,0.155343
FloHyb_H149,M,R,FloHyb_H29,F,R,0.208847
FloHyb_H149,M,R,FloHyb_H5,F,F,0.115168
FloHyb_H149,M,R,FloHyb_I64,M,F,0.138473
FloHyb_H149,M,R,FloHyb_I8,F,R,0.170589
FloHyb_H149,M,R,FloHyb_I94,M,R,0.176961
FloHyb_H149,M,R,FloHyb_I96,M,R,0.078563
FloHyb_H149,M,R,FloHyb_Z1,M,R,0.229013
FloHyb_H149,M,R,FloHyb_Z11,F,R,0.208089
FloHyb_H149,M,R,FloHyb_Z12,F,R,0.068097
FloHyb_H149,M,R,FloHyb_Z13,M,R,0.194929
FloHyb_H149,M,R,FloHyb_Z14,F,R,2.00E-06
FloHyb_H149,M,R,FloHyb_Z15,F,R,0.110248
FloHyb_H149,M,R,FloHyb_Z18,M,F,0.064597
FloHyb_H149,M,R,FloHyb_Z19,F,F,0.259
FloHyb_H149,M,R,FloHyb_Z2,M,R,0.166168
FloHyb_H149,M,R,FloHyb_Z20,F,F,3.20E-05
FloHyb_H149,M,R,FloHyb_Z21,F,R,1.00E-06
FloHyb_H149,M,R,FloHyb_Z3,M,R,8.00E-06
FloHyb_H149,M,R,FloHyb_Z4,M,R,0.269879
FloHyb_H149,M,R,FloHyb_Z5,F,R,0.362812
FloHyb_H149,M,R,FloHyb_Z6,M,R,0.04692
FloHyb_H149,M,R,FloHyb_Z7,F,R,0.32979
FloHyb_H149,M,R,FloHyb_Z8,F,R,0.245075
FloHyb_H149,M,R,FloHyb_Z9,F,R,0.301011
FloHyb_H158,M,F,FloHyb_26055848,F,R,0.210122
FloHyb_H158,M,F,FloHyb_26056533,M,F,0.449829
FloHyb_H158,M,F,FloHyb_48036067,F,R,0.097459
FloHyb_H158,M,F,FloHyb_48349076,F,R,0.178138
FloHyb_H158,M,F,FloHyb_51777322,M,F,0.041552
FloHyb_H158,M,F,FloHyb_52312895,F,R,2.00E-06
FloHyb_H158,M,F,FloHyb_52376100,F,F,1.10E-05
FloHyb_H158,M,F,FloHyb_52604553,F,R,0.455383
FloHyb_H158,M,F,FloHyb_52793336,F,F,2.40E-05
FloHyb_H158,M,F,FloHyb_52796799,F,R,0.142866
FloHyb_H158,M,F,FloHyb_54957272,M,R,0.153947
FloHyb_H158,M,F,FloHyb_54957555,F,F,0.243453
FloHyb_H158,M,F,FloHyb_72611626,F,R,0.136077
FloHyb_H158,M,F,FloHyb_B39,F,R,0.227173
FloHyb_H158,M,F,FloHyb_BR106,F,F,0.387063
FloHyb_H158,M,F,FloHyb_BR542,F,R,0.500842
FloHyb_H158,M,F,FloHyb_BR610,M,R,0.300219
FloHyb_H158,M,F,FloHyb_BR877,M,F,0.02309
FloHyb_H158,M,F,FloHyb_G8,F,R,0.219105
FloHyb_H158,M,F,FloHyb_H119,F,R,0.11211
FloHyb_H158,M,F,FloHyb_H149,M,R,0.234091
FloHyb_H158,M,F,FloHyb_H17,F,R,0.147594
FloHyb_H158,M,F,FloHyb_H192,F,R,0.0464
FloHyb_H158,M,F,FloHyb_H2,M,R,0.073078
FloHyb_H158,M,F,FloHyb_H210,M,F,0.104528
FloHyb_H158,M,F,FloHyb_H27,F,R,0.029475
FloHyb_H158,M,F,FloHyb_H29,F,R,0.211725
FloHyb_H158,M,F,FloHyb_H5,F,F,0.04025
FloHyb_H158,M,F,FloHyb_I64,M,F,0.242747
FloHyb_H158,M,F,FloHyb_I8,F,R,0.131639
FloHyb_H158,M,F,FloHyb_I94,M,R,0.166067
FloHyb_H158,M,F,FloHyb_I96,M,R,0.110259
FloHyb_H158,M,F,FloHyb_Z1,M,R,0.049701
FloHyb_H158,M,F,FloHyb_Z11,F,R,0.030437
FloHyb_H158,M,F,FloHyb_Z12,F,R,0.16061
FloHyb_H158,M,F,FloHyb_Z13,M,R,0.084722
FloHyb_H158,M,F,FloHyb_Z14,F,R,0.056508
FloHyb_H158,M,F,FloHyb_Z15,F,R,1.30E-05
FloHyb_H158,M,F,FloHyb_Z18,M,F,0.107563
FloHyb_H158,M,F,FloHyb_Z19,F,F,1.00E-06
FloHyb_H158,M,F,FloHyb_Z2,M,R,0.216426
FloHyb_H158,M,F,FloHyb_Z20,F,F,0.14324
FloHyb_H158,M,F,FloHyb_Z21,F,R,0.178978
FloHyb_H158,M,F,FloHyb_Z3,M,R,3.30E-05
FloHyb_H158,M,F,FloHyb_Z4,M,R,0
FloHyb_H158,M,F,FloHyb_Z5,F,R,0.364959
FloHyb_H158,M,F,FloHyb_Z6,M,R,0.029421
FloHyb_H158,M,F,FloHyb_Z7,F,R,0.341668
FloHyb_H158,M,F,FloHyb_Z8,F,R,0.064535
FloHyb_H158,M,F,FloHyb_Z9,F,R,0.315027
FloHyb_H17,F,R,FloHyb_H192,F,R,0.154531
FloHyb_H17,F,R,FloHyb_H2,M,R,0.195006
FloHyb_H17,F,R,FloHyb_H210,M,F,0.081667
FloHyb_H17,F,R,FloHyb_H27,F,R,0.174294
FloHyb_H17,F,R,FloHyb_H29,F,R,0.056343
FloHyb_H17,F,R,FloHyb_H5,F,F,0.062107
FloHyb_H17,F,R,FloHyb_I64,M,F,0.474454
FloHyb_H17,F,R,FloHyb_I8,F,R,0.17935
FloHyb_H17,F,R,FloHyb_I94,M,R,0.131605
FloHyb_H17,F,R,FloHyb_I96,M,R,0.076537
FloHyb_H17,F,R,FloHyb_Z1,M,R,0.225443
FloHyb_H17,F,R,FloHyb_Z11,F,R,0.038432
FloHyb_H17,F,R,FloHyb_Z12,F,R,0.015088
FloHyb_H17,F,R,FloHyb_Z13,M,R,0.179532
FloHyb_H17,F,R,FloHyb_Z14,F,R,5.00E-06
FloHyb_H17,F,R,FloHyb_Z15,F,R,0.160668
FloHyb_H17,F,R,FloHyb_Z18,M,F,3.10E-05
FloHyb_H17,F,R,FloHyb_Z19,F,F,0.046307
FloHyb_H17,F,R,FloHyb_Z2,M,R,0.208312
FloHyb_H17,F,R,FloHyb_Z20,F,F,0.053807
FloHyb_H17,F,R,FloHyb_Z21,F,R,0.529996
FloHyb_H17,F,R,FloHyb_Z3,M,R,0.157159
FloHyb_H17,F,R,FloHyb_Z4,M,R,0.140657
FloHyb_H17,F,R,FloHyb_Z5,F,R,0.547565
FloHyb_H17,F,R,FloHyb_Z6,M,R,0.188294
FloHyb_H17,F,R,FloHyb_Z7,F,R,0.454326
FloHyb_H17,F,R,FloHyb_Z8,F,R,0.239097
FloHyb_H17,F,R,FloHyb_Z9,F,R,0.05683
FloHyb_H192,F,R,FloHyb_H2,M,R,0.183144
FloHyb_H192,F,R,FloHyb_H210,M,F,0.080637
FloHyb_H192,F,R,FloHyb_H27,F,R,0.180112
FloHyb_H192,F,R,FloHyb_H29,F,R,0.221028
FloHyb_H192,F,R,FloHyb_H5,F,F,0.239897
FloHyb_H192,F,R,FloHyb_I64,M,F,0.00045
FloHyb_H192,F,R,FloHyb_I8,F,R,0.077061
FloHyb_H192,F,R,FloHyb_I94,M,R,0.072414
FloHyb_H192,F,R,FloHyb_I96,M,R,0.137332
FloHyb_H192,F,R,FloHyb_Z1,M,R,0.12958
FloHyb_H192,F,R,FloHyb_Z11,F,R,0.227664
FloHyb_H192,F,R,FloHyb_Z12,F,R,0.07182
FloHyb_H192,F,R,FloHyb_Z13,M,R,0.158867
FloHyb_H192,F,R,FloHyb_Z14,F,R,0.244281
FloHyb_H192,F,R,FloHyb_Z15,F,R,0.139205
FloHyb_H192,F,R,FloHyb_Z18,M,F,0.564537
FloHyb_H192,F,R,FloHyb_Z19,F,F,0.366037
FloHyb_H192,F,R,FloHyb_Z2,M,R,0.062861
FloHyb_H192,F,R,FloHyb_Z20,F,F,9.00E-06
FloHyb_H192,F,R,FloHyb_Z21,F,R,0.464593
FloHyb_H192,F,R,FloHyb_Z3,M,R,0.006101
FloHyb_H192,F,R,FloHyb_Z4,M,R,0.568441
FloHyb_H192,F,R,FloHyb_Z5,F,R,0.059295
FloHyb_H192,F,R,FloHyb_Z6,M,R,3.00E-06
FloHyb_H192,F,R,FloHyb_Z7,F,R,0.010992
FloHyb_H192,F,R,FloHyb_Z8,F,R,0.155136
FloHyb_H192,F,R,FloHyb_Z9,F,R,0.163016
FloHyb_H2,M,R,FloHyb_H5,F,F,0.326727
FloHyb_H2,M,R,FloHyb_I64,M,F,0.471285
FloHyb_H2,M,R,FloHyb_I8,F,R,0.130072
FloHyb_H2,M,R,FloHyb_I94,M,R,0.155619
FloHyb_H2,M,R,FloHyb_I96,M,R,0.063429
FloHyb_H2,M,R,FloHyb_Z1,M,R,0.176262
FloHyb_H2,M,R,FloHyb_Z11,F,R,0.179852
FloHyb_H2,M,R,FloHyb_Z12,F,R,0.075196
FloHyb_H2,M,R,FloHyb_Z13,M,R,0.019952
FloHyb_H2,M,R,FloHyb_Z14,F,R,0.081813
FloHyb_H2,M,R,FloHyb_Z15,F,R,0.092869
FloHyb_H2,M,R,FloHyb_Z18,M,F,0.334112
FloHyb_H2,M,R,FloHyb_Z19,F,F,0.083217
FloHyb_H2,M,R,FloHyb_Z2,M,R,0.36846
FloHyb_H2,M,R,FloHyb_Z20,F,F,0.195934
FloHyb_H2,M,R,FloHyb_Z21,F,R,1.00E-06
FloHyb_H2,M,R,FloHyb_Z3,M,R,0.046911
FloHyb_H2,M,R,FloHyb_Z4,M,R,0.160919
FloHyb_H2,M,R,FloHyb_Z5,F,R,0.380775
FloHyb_H2,M,R,FloHyb_Z6,M,R,0.149453
FloHyb_H2,M,R,FloHyb_Z7,F,R,0.074878
FloHyb_H2,M,R,FloHyb_Z8,F,R,0.13968
FloHyb_H2,M,R,FloHyb_Z9,F,R,0.225193
FloHyb_H210,M,F,FloHyb_H2,M,R,0.110577
FloHyb_H210,M,F,FloHyb_H27,F,R,0.191316
FloHyb_H210,M,F,FloHyb_H29,F,R,0.215289
FloHyb_H210,M,F,FloHyb_H5,F,F,0.167485
FloHyb_H210,M,F,FloHyb_I64,M,F,4.10E-05
FloHyb_H210,M,F,FloHyb_I8,F,R,0.012752
FloHyb_H210,M,F,FloHyb_I94,M,R,0.215767
FloHyb_H210,M,F,FloHyb_I96,M,R,0.172691
FloHyb_H210,M,F,FloHyb_Z1,M,R,0.212069
FloHyb_H210,M,F,FloHyb_Z11,F,R,0.216397
FloHyb_H210,M,F,FloHyb_Z12,F,R,0.090981
FloHyb_H210,M,F,FloHyb_Z13,M,R,0.015106
FloHyb_H210,M,F,FloHyb_Z14,F,R,0.220372
FloHyb_H210,M,F,FloHyb_Z15,F,R,0.152465
FloHyb_H210,M,F,FloHyb_Z18,M,F,0.274884
FloHyb_H210,M,F,FloHyb_Z19,F,F,0.372906
FloHyb_H210,M,F,FloHyb_Z2,M,R,0.067106
FloHyb_H210,M,F,FloHyb_Z20,F,F,0.086201
FloHyb_H210,M,F,FloHyb_Z21,F,R,0.575132
FloHyb_H210,M,F,FloHyb_Z3,M,R,0.01849
FloHyb_H210,M,F,FloHyb_Z4,M,R,0.489858
FloHyb_H210,M,F,FloHyb_Z5,F,R,0.153941
FloHyb_H210,M,F,FloHyb_Z6,M,R,8.40E-05
FloHyb_H210,M,F,FloHyb_Z7,F,R,0.249813
FloHyb_H210,M,F,FloHyb_Z8,F,R,0.393088
FloHyb_H210,M,F,FloHyb_Z9,F,R,0.186108
FloHyb_H27,F,R,FloHyb_H2,M,R,0.2201
FloHyb_H27,F,R,FloHyb_H29,F,R,0.060138
FloHyb_H27,F,R,FloHyb_H5,F,F,0.411105
FloHyb_H27,F,R,FloHyb_I64,M,F,0.470932
FloHyb_H27,F,R,FloHyb_I8,F,R,0.20939
FloHyb_H27,F,R,FloHyb_I94,M,R,0.22914
FloHyb_H27,F,R,FloHyb_I96,M,R,0.031336
FloHyb_H27,F,R,FloHyb_Z1,M,R,0.032659
FloHyb_H27,F,R,FloHyb_Z11,F,R,0.226388
FloHyb_H27,F,R,FloHyb_Z12,F,R,0.090217
FloHyb_H27,F,R,FloHyb_Z13,M,R,0.041852
FloHyb_H27,F,R,FloHyb_Z14,F,R,0.15026
FloHyb_H27,F,R,FloHyb_Z15,F,R,0.154678
FloHyb_H27,F,R,FloHyb_Z18,M,F,0.264302
FloHyb_H27,F,R,FloHyb_Z19,F,F,6.00E-06
FloHyb_H27,F,R,FloHyb_Z2,M,R,0.169487
FloHyb_H27,F,R,FloHyb_Z20,F,F,1.90E-05
FloHyb_H27,F,R,FloHyb_Z21,F,R,0.073537
FloHyb_H27,F,R,FloHyb_Z3,M,R,0.196529
FloHyb_H27,F,R,FloHyb_Z4,M,R,0.064311
FloHyb_H27,F,R,FloHyb_Z5,F,R,0.174888
FloHyb_H27,F,R,FloHyb_Z6,M,R,4.30E-05
FloHyb_H27,F,R,FloHyb_Z7,F,R,0.074396
FloHyb_H27,F,R,FloHyb_Z8,F,R,0.538771
FloHyb_H27,F,R,FloHyb_Z9,F,R,3.60E-05
FloHyb_H29,F,R,FloHyb_H2,M,R,0.015753
FloHyb_H29,F,R,FloHyb_H5,F,F,0.25627
FloHyb_H29,F,R,FloHyb_I64,M,F,0.469017
FloHyb_H29,F,R,FloHyb_I8,F,R,0.137898
FloHyb_H29,F,R,FloHyb_I94,M,R,0.045018
FloHyb_H29,F,R,FloHyb_I96,M,R,0.040085
FloHyb_H29,F,R,FloHyb_Z1,M,R,0.196132
FloHyb_H29,F,R,FloHyb_Z11,F,R,0.236284
FloHyb_H29,F,R,FloHyb_Z12,F,R,0.052838
FloHyb_H29,F,R,FloHyb_Z13,M,R,0.046384
FloHyb_H29,F,R,FloHyb_Z14,F,R,0.067938
FloHyb_H29,F,R,FloHyb_Z15,F,R,0.115932
FloHyb_H29,F,R,FloHyb_Z18,M,F,0.160283
FloHyb_H29,F,R,FloHyb_Z19,F,F,0.365836
FloHyb_H29,F,R,FloHyb_Z2,M,R,0.204305
FloHyb_H29,F,R,FloHyb_Z20,F,F,4.00E-06
FloHyb_H29,F,R,FloHyb_Z21,F,R,0.12333
FloHyb_H29,F,R,FloHyb_Z3,M,R,0.00201
FloHyb_H29,F,R,FloHyb_Z4,M,R,0.185313
FloHyb_H29,F,R,FloHyb_Z5,F,R,1.40E-05
FloHyb_H29,F,R,FloHyb_Z6,M,R,0.105299
FloHyb_H29,F,R,FloHyb_Z7,F,R,0.358744
FloHyb_H29,F,R,FloHyb_Z8,F,R,0.056021
FloHyb_H29,F,R,FloHyb_Z9,F,R,0.399076
FloHyb_H5,F,F,FloHyb_I64,M,F,0.055758
FloHyb_H5,F,F,FloHyb_I8,F,R,0.271627
FloHyb_H5,F,F,FloHyb_I94,M,R,0.038892
FloHyb_H5,F,F,FloHyb_I96,M,R,0.112677
FloHyb_H5,F,F,FloHyb_Z1,M,R,0.222409
FloHyb_H5,F,F,FloHyb_Z11,F,R,0.163858
FloHyb_H5,F,F,FloHyb_Z12,F,R,0.092718
FloHyb_H5,F,F,FloHyb_Z13,M,R,0.035283
FloHyb_H5,F,F,FloHyb_Z14,F,R,0.132566
FloHyb_H5,F,F,FloHyb_Z15,F,R,0.092286
FloHyb_H5,F,F,FloHyb_Z18,M,F,0.478739
FloHyb_H5,F,F,FloHyb_Z19,F,F,0.355261
FloHyb_H5,F,F,FloHyb_Z2,M,R,0.197961
FloHyb_H5,F,F,FloHyb_Z20,F,F,0.022259
FloHyb_H5,F,F,FloHyb_Z21,F,R,0.251895
FloHyb_H5,F,F,FloHyb_Z3,M,R,4.00E-06
FloHyb_H5,F,F,FloHyb_Z4,M,R,2.00E-05
FloHyb_H5,F,F,FloHyb_Z5,F,R,0.421902
FloHyb_H5,F,F,FloHyb_Z6,M,R,1.00E-05
FloHyb_H5,F,F,FloHyb_Z7,F,R,0.077433
FloHyb_H5,F,F,FloHyb_Z8,F,R,0.16959
FloHyb_H5,F,F,FloHyb_Z9,F,R,0.240992
FloHyb_I64,M,F,FloHyb_I8,F,R,0.226985
FloHyb_I64,M,F,FloHyb_I94,M,R,0.179205
FloHyb_I64,M,F,FloHyb_I96,M,R,0.041172
FloHyb_I64,M,F,FloHyb_Z1,M,R,0.228432
FloHyb_I64,M,F,FloHyb_Z11,F,R,0.067803
FloHyb_I64,M,F,FloHyb_Z12,F,R,0.098371
FloHyb_I64,M,F,FloHyb_Z13,M,R,0.025493
FloHyb_I64,M,F,FloHyb_Z14,F,R,0.352433
FloHyb_I64,M,F,FloHyb_Z15,F,R,0.082385
FloHyb_I64,M,F,FloHyb_Z18,M,F,0.069229
FloHyb_I64,M,F,FloHyb_Z19,F,F,0.200368
FloHyb_I64,M,F,FloHyb_Z2,M,R,0.193122
FloHyb_I64,M,F,FloHyb_Z20,F,F,0.02838
FloHyb_I64,M,F,FloHyb_Z21,F,R,0.22735
FloHyb_I64,M,F,FloHyb_Z3,M,R,1.00E-06
FloHyb_I64,M,F,FloHyb_Z4,M,R,0.340457
FloHyb_I64,M,F,FloHyb_Z5,F,R,0.257145
FloHyb_I64,M,F,FloHyb_Z6,M,R,0.048361
FloHyb_I64,M,F,FloHyb_Z7,F,R,0.201841
FloHyb_I64,M,F,FloHyb_Z8,F,R,5.00E-06
FloHyb_I64,M,F,FloHyb_Z9,F,R,0.06699
FloHyb_I8,F,R,FloHyb_I94,M,R,0.074147
FloHyb_I8,F,R,FloHyb_I96,M,R,0.037107
FloHyb_I8,F,R,FloHyb_Z1,M,R,0.150189
FloHyb_I8,F,R,FloHyb_Z11,F,R,0.239773
FloHyb_I8,F,R,FloHyb_Z12,F,R,0.099661
FloHyb_I8,F,R,FloHyb_Z13,M,R,0.029878
FloHyb_I8,F,R,FloHyb_Z14,F,R,0.362182
FloHyb_I8,F,R,FloHyb_Z15,F,R,0.152976
FloHyb_I8,F,R,FloHyb_Z18,M,F,0.169068
FloHyb_I8,F,R,FloHyb_Z19,F,F,0.07272
FloHyb_I8,F,R,FloHyb_Z2,M,R,0.07642
FloHyb_I8,F,R,FloHyb_Z20,F,F,0.183433
FloHyb_I8,F,R,FloHyb_Z21,F,R,0.19977
FloHyb_I8,F,R,FloHyb_Z3,M,R,6.00E-06
FloHyb_I8,F,R,FloHyb_Z4,M,R,0.252769
FloHyb_I8,F,R,FloHyb_Z5,F,R,0.243238
FloHyb_I8,F,R,FloHyb_Z6,M,R,3.00E-06
FloHyb_I8,F,R,FloHyb_Z7,F,R,0.176002
FloHyb_I8,F,R,FloHyb_Z8,F,R,0.360198
FloHyb_I8,F,R,FloHyb_Z9,F,R,0.087737
FloHyb_I94,M,R,FloHyb_I96,M,R,0.170549
FloHyb_I94,M,R,FloHyb_Z1,M,R,0.298879
FloHyb_I94,M,R,FloHyb_Z11,F,R,0.246005
FloHyb_I94,M,R,FloHyb_Z12,F,R,0.051513
FloHyb_I94,M,R,FloHyb_Z13,M,R,0.031721
FloHyb_I94,M,R,FloHyb_Z14,F,R,1.70E-05
FloHyb_I94,M,R,FloHyb_Z15,F,R,0.131753
FloHyb_I94,M,R,FloHyb_Z18,M,F,0.187847
FloHyb_I94,M,R,FloHyb_Z19,F,F,0.188702
FloHyb_I94,M,R,FloHyb_Z2,M,R,0.132153
FloHyb_I94,M,R,FloHyb_Z20,F,F,0.000612
FloHyb_I94,M,R,FloHyb_Z21,F,R,0.060703
FloHyb_I94,M,R,FloHyb_Z3,M,R,2.00E-06
FloHyb_I94,M,R,FloHyb_Z4,M,R,0.252732
FloHyb_I94,M,R,FloHyb_Z5,F,R,0.061478
FloHyb_I94,M,R,FloHyb_Z6,M,R,0.068546
FloHyb_I94,M,R,FloHyb_Z7,F,R,0.358286
FloHyb_I94,M,R,FloHyb_Z8,F,R,0.250037
FloHyb_I94,M,R,FloHyb_Z9,F,R,0.166883
FloHyb_I96,M,R,FloHyb_Z1,M,R,0.121788
FloHyb_I96,M,R,FloHyb_Z11,F,R,0.180086
FloHyb_I96,M,R,FloHyb_Z12,F,R,0.013812
FloHyb_I96,M,R,FloHyb_Z13,M,R,0.158275
FloHyb_I96,M,R,FloHyb_Z14,F,R,0.115415
FloHyb_I96,M,R,FloHyb_Z15,F,R,0.117108
FloHyb_I96,M,R,FloHyb_Z18,M,F,4.20E-05
FloHyb_I96,M,R,FloHyb_Z19,F,F,0.1621
FloHyb_I96,M,R,FloHyb_Z2,M,R,0.138617
FloHyb_I96,M,R,FloHyb_Z20,F,F,0.090189
FloHyb_I96,M,R,FloHyb_Z21,F,R,4.00E-06
FloHyb_I96,M,R,FloHyb_Z3,M,R,0.057442
FloHyb_I96,M,R,FloHyb_Z4,M,R,0.510298
FloHyb_I96,M,R,FloHyb_Z5,F,R,0.161514
FloHyb_I96,M,R,FloHyb_Z6,M,R,0
FloHyb_I96,M,R,FloHyb_Z7,F,R,0.312113
FloHyb_I96,M,R,FloHyb_Z8,F,R,0.219795
FloHyb_I96,M,R,FloHyb_Z9,F,R,0.078955
FloHyb_Z1,M,R,FloHyb_Z2,M,R,0.17113
FloHyb_Z1,M,R,FloHyb_Z20,F,F,0.189139
FloHyb_Z1,M,R,FloHyb_Z21,F,R,0.163019
FloHyb_Z1,M,R,FloHyb_Z3,M,R,0
FloHyb_Z1,M,R,FloHyb_Z4,M,R,0
FloHyb_Z1,M,R,FloHyb_Z5,F,R,0.20873
FloHyb_Z1,M,R,FloHyb_Z6,M,R,0
FloHyb_Z1,M,R,FloHyb_Z7,F,R,0.049916
FloHyb_Z1,M,R,FloHyb_Z8,F,R,0.04067
FloHyb_Z1,M,R,FloHyb_Z9,F,R,0.021655
FloHyb_Z11,F,R,FloHyb_Z1,M,R,0.220768
FloHyb_Z11,F,R,FloHyb_Z12,F,R,0.088647
FloHyb_Z11,F,R,FloHyb_Z13,M,R,0.102104
FloHyb_Z11,F,R,FloHyb_Z14,F,R,0.053095
FloHyb_Z11,F,R,FloHyb_Z15,F,R,0.116053
FloHyb_Z11,F,R,FloHyb_Z18,M,F,0.317021
FloHyb_Z11,F,R,FloHyb_Z19,F,F,0.05179
FloHyb_Z11,F,R,FloHyb_Z2,M,R,0.124746
FloHyb_Z11,F,R,FloHyb_Z20,F,F,0.000183
FloHyb_Z11,F,R,FloHyb_Z21,F,R,0.520923
FloHyb_Z11,F,R,FloHyb_Z3,M,R,0.0426
FloHyb_Z11,F,R,FloHyb_Z4,M,R,0.086792
FloHyb_Z11,F,R,FloHyb_Z5,F,R,0.155271
FloHyb_Z11,F,R,FloHyb_Z6,M,R,5.00E-06
FloHyb_Z11,F,R,FloHyb_Z7,F,R,0.292125
FloHyb_Z11,F,R,FloHyb_Z8,F,R,0.141259
FloHyb_Z11,F,R,FloHyb_Z9,F,R,0.108739
FloHyb_Z12,F,R,FloHyb_Z1,M,R,0.226738
FloHyb_Z12,F,R,FloHyb_Z13,M,R,0.068659
FloHyb_Z12,F,R,FloHyb_Z14,F,R,0.257094
FloHyb_Z12,F,R,FloHyb_Z15,F,R,0.102299
FloHyb_Z12,F,R,FloHyb_Z18,M,F,0.222638
FloHyb_Z12,F,R,FloHyb_Z19,F,F,0.024578
FloHyb_Z12,F,R,FloHyb_Z2,M,R,0.194112
FloHyb_Z12,F,R,FloHyb_Z20,F,F,0.149489
FloHyb_Z12,F,R,FloHyb_Z21,F,R,0.266751
FloHyb_Z12,F,R,FloHyb_Z3,M,R,0.355918
FloHyb_Z12,F,R,FloHyb_Z4,M,R,0.126985
FloHyb_Z12,F,R,FloHyb_Z5,F,R,0.1797
FloHyb_Z12,F,R,FloHyb_Z6,M,R,0.1402
FloHyb_Z12,F,R,FloHyb_Z7,F,R,0.233863
FloHyb_Z12,F,R,FloHyb_Z8,F,R,0.142377
FloHyb_Z12,F,R,FloHyb_Z9,F,R,0.07195
FloHyb_Z13,M,R,FloHyb_Z1,M,R,0.188758
FloHyb_Z13,M,R,FloHyb_Z14,F,R,0.040616
FloHyb_Z13,M,R,FloHyb_Z15,F,R,0.157033
FloHyb_Z13,M,R,FloHyb_Z18,M,F,0.235404
FloHyb_Z13,M,R,FloHyb_Z19,F,F,0.134764
FloHyb_Z13,M,R,FloHyb_Z2,M,R,0.228473
FloHyb_Z13,M,R,FloHyb_Z20,F,F,0.026197
FloHyb_Z13,M,R,FloHyb_Z21,F,R,0.260899
FloHyb_Z13,M,R,FloHyb_Z3,M,R,1.00E-06
FloHyb_Z13,M,R,FloHyb_Z4,M,R,3.00E-06
FloHyb_Z13,M,R,FloHyb_Z5,F,R,0.271915
FloHyb_Z13,M,R,FloHyb_Z6,M,R,0.008348
FloHyb_Z13,M,R,FloHyb_Z7,F,R,0.080336
FloHyb_Z13,M,R,FloHyb_Z8,F,R,0.185885
FloHyb_Z13,M,R,FloHyb_Z9,F,R,0.364973
FloHyb_Z14,F,R,FloHyb_Z1,M,R,0.221851
FloHyb_Z14,F,R,FloHyb_Z15,F,R,0.161571
FloHyb_Z14,F,R,FloHyb_Z18,M,F,0.257631
FloHyb_Z14,F,R,FloHyb_Z19,F,F,0.110881
FloHyb_Z14,F,R,FloHyb_Z2,M,R,0.18911
FloHyb_Z14,F,R,FloHyb_Z20,F,F,0.036745
FloHyb_Z14,F,R,FloHyb_Z21,F,R,0.146634
FloHyb_Z14,F,R,FloHyb_Z3,M,R,5.00E-05
FloHyb_Z14,F,R,FloHyb_Z4,M,R,0.249368
FloHyb_Z14,F,R,FloHyb_Z5,F,R,0.233887
FloHyb_Z14,F,R,FloHyb_Z6,M,R,0.01067
FloHyb_Z14,F,R,FloHyb_Z7,F,R,0.285193
FloHyb_Z14,F,R,FloHyb_Z8,F,R,0.243892
FloHyb_Z14,F,R,FloHyb_Z9,F,R,8.50E-05
FloHyb_Z15,F,R,FloHyb_Z1,M,R,0.055645
FloHyb_Z15,F,R,FloHyb_Z18,M,F,0.190249
FloHyb_Z15,F,R,FloHyb_Z19,F,F,0.136727
FloHyb_Z15,F,R,FloHyb_Z2,M,R,0.147711
FloHyb_Z15,F,R,FloHyb_Z20,F,F,0.110849
FloHyb_Z15,F,R,FloHyb_Z21,F,R,0.356743
FloHyb_Z15,F,R,FloHyb_Z3,M,R,5.00E-05
FloHyb_Z15,F,R,FloHyb_Z4,M,R,0.214578
FloHyb_Z15,F,R,FloHyb_Z5,F,R,0.086314
FloHyb_Z15,F,R,FloHyb_Z6,M,R,0.194702
FloHyb_Z15,F,R,FloHyb_Z7,F,R,0.347528
FloHyb_Z15,F,R,FloHyb_Z8,F,R,0.111392
FloHyb_Z15,F,R,FloHyb_Z9,F,R,0.207861
FloHyb_Z18,M,F,FloHyb_Z1,M,R,0.133328
FloHyb_Z18,M,F,FloHyb_Z19,F,F,0.293698
FloHyb_Z18,M,F,FloHyb_Z2,M,R,0.189706
FloHyb_Z18,M,F,FloHyb_Z20,F,F,0.139412
FloHyb_Z18,M,F,FloHyb_Z21,F,R,0.525072
FloHyb_Z18,M,F,FloHyb_Z3,M,R,0.087336
FloHyb_Z18,M,F,FloHyb_Z4,M,R,0.24055
FloHyb_Z18,M,F,FloHyb_Z5,F,R,0.155034
FloHyb_Z18,M,F,FloHyb_Z6,M,R,4.80E-05
FloHyb_Z18,M,F,FloHyb_Z7,F,R,0.008742
FloHyb_Z18,M,F,FloHyb_Z8,F,R,0.232875
FloHyb_Z18,M,F,FloHyb_Z9,F,R,0.071218
FloHyb_Z19,F,F,FloHyb_Z1,M,R,0.159877
FloHyb_Z19,F,F,FloHyb_Z2,M,R,0.209485
FloHyb_Z19,F,F,FloHyb_Z20,F,F,0.148942
FloHyb_Z19,F,F,FloHyb_Z21,F,R,0.063047
FloHyb_Z19,F,F,FloHyb_Z3,M,R,0.138984
FloHyb_Z19,F,F,FloHyb_Z4,M,R,0.037062
FloHyb_Z19,F,F,FloHyb_Z5,F,R,0.190447
FloHyb_Z19,F,F,FloHyb_Z6,M,R,0.05184
FloHyb_Z19,F,F,FloHyb_Z7,F,R,0.232541
FloHyb_Z19,F,F,FloHyb_Z8,F,R,0.206591
FloHyb_Z19,F,F,FloHyb_Z9,F,R,0.281192
FloHyb_Z2,M,R,FloHyb_Z3,M,R,0.054645
FloHyb_Z2,M,R,FloHyb_Z4,M,R,0.232871
FloHyb_Z2,M,R,FloHyb_Z5,F,R,0.074326
FloHyb_Z2,M,R,FloHyb_Z6,M,R,0.10424
FloHyb_Z2,M,R,FloHyb_Z7,F,R,0.076284
FloHyb_Z2,M,R,FloHyb_Z8,F,R,0.152224
FloHyb_Z2,M,R,FloHyb_Z9,F,R,0.316626
FloHyb_Z20,F,F,FloHyb_Z2,M,R,0.219942
FloHyb_Z20,F,F,FloHyb_Z21,F,R,0.181859
FloHyb_Z20,F,F,FloHyb_Z3,M,R,0.031172
FloHyb_Z20,F,F,FloHyb_Z4,M,R,0.673515
FloHyb_Z20,F,F,FloHyb_Z5,F,R,0.137574
FloHyb_Z20,F,F,FloHyb_Z6,M,R,0.43692
FloHyb_Z20,F,F,FloHyb_Z7,F,R,0.486824
FloHyb_Z20,F,F,FloHyb_Z8,F,R,0.212837
FloHyb_Z20,F,F,FloHyb_Z9,F,R,0.267125
FloHyb_Z21,F,R,FloHyb_Z2,M,R,0.080766
FloHyb_Z21,F,R,FloHyb_Z3,M,R,0
FloHyb_Z21,F,R,FloHyb_Z4,M,R,0.231692
FloHyb_Z21,F,R,FloHyb_Z5,F,R,0.057714
FloHyb_Z21,F,R,FloHyb_Z6,M,R,0.329929
FloHyb_Z21,F,R,FloHyb_Z7,F,R,0.258331
FloHyb_Z21,F,R,FloHyb_Z8,F,R,0.191794
FloHyb_Z21,F,R,FloHyb_Z9,F,R,0.086248
FloHyb_Z3,M,R,FloHyb_Z4,M,R,0.133425
FloHyb_Z3,M,R,FloHyb_Z5,F,R,0.249679
FloHyb_Z3,M,R,FloHyb_Z6,M,R,0.090116
FloHyb_Z3,M,R,FloHyb_Z7,F,R,0.038509
FloHyb_Z3,M,R,FloHyb_Z8,F,R,0.270927
FloHyb_Z3,M,R,FloHyb_Z9,F,R,0.001625
FloHyb_Z4,M,R,FloHyb_Z5,F,R,0.196156
FloHyb_Z4,M,R,FloHyb_Z6,M,R,0.233082
FloHyb_Z4,M,R,FloHyb_Z7,F,R,0.122517
FloHyb_Z4,M,R,FloHyb_Z8,F,R,0.362638
FloHyb_Z4,M,R,FloHyb_Z9,F,R,0.109466
FloHyb_Z5,F,R,FloHyb_Z6,M,R,0.153714
FloHyb_Z5,F,R,FloHyb_Z7,F,R,0.206723
FloHyb_Z5,F,R,FloHyb_Z8,F,R,0.255309
FloHyb_Z5,F,R,FloHyb_Z9,F,R,7.00E-06
FloHyb_Z6,M,R,FloHyb_Z7,F,R,0.099586
FloHyb_Z6,M,R,FloHyb_Z8,F,R,0.059781
FloHyb_Z6,M,R,FloHyb_Z9,F,R,0.18748
FloHyb_Z7,F,R,FloHyb_Z8,F,R,0.310562
FloHyb_Z7,F,R,FloHyb_Z9,F,R,0.250771
FloHyb_Z8,F,R,FloHyb_Z9,F,R,0.071605
